長さ,市外局番,代表都市,覚え方,本文(数字),数字,本文(市町村),市町村,あいす,とるめ,補足
3,011,札幌,いい恋人は札幌市,いい,11,いい恋人,札幌,10/21,,※白い恋人：札幌名物のお菓子
4,011x,札幌,さっさと別れてきた広島,,,さっさ、別、きたひろしま,札幌、江別、北広島,10/21,,
3,012,千歳,いつ食べるもの？千歳飴,いつ,12,千歳,千歳,11/21,,
4,0123,千歳,1・2・3で飛び立て！新千歳空港,１・２・３,,新千歳空港,千歳,11/21,,※新千歳空港：北海道の空の玄関口
4,0124,芦別,にしべつあしべつ,にし,24,あしべつ,芦別,11/21,,
4,0125,滝川,ニコニコタッキーカワイイネ,ニコニコ,25,タッキーカワ,滝川,11/21,,
4,0126,岩見沢,岩風呂岩見沢,風呂,26,岩見沢,岩見沢,11/21,,
3,013,函館,函館の遺産は縄文遺跡群,遺産,13,縄文遺跡群,函館,11/21,,※垣ノ島遺跡と大船遺跡が登録されている
4,0133,石狩,さざれ石借りてくよ,さざ,33,石借り,石狩,11/21,,
4,0134,小樽,刺身の小樽,刺,34,刺身,小樽,11/21,,※刺身：市場の新鮮な魚介が有名
4,0135,余市,いざこざ起こるよ余り1,いざこ,135,余り1,余市,11/21,,
4,0136,ニセコ,さむいニセコのスキー場,さむ,36,スキー場,ニセコ,11/21,,※スキー場：ニセコアンヌプリが有名
4,0137,森,みんなの森,みんな,37,森,森,11/21,,
4,0138,函館,(世界)遺産はまだだよ五稜郭,遺産は,138,五稜郭,函館,11/21,,※「五稜郭と箱館戦争の遺構」で北海道遺産ではある
4,0139,松前,サンキューを待つ前に,サンキュー,39,待つ前に,松前,11/21,,
3,014,室蘭,美味しい～！室蘭カレーラーメン,美味し,014,室蘭カレーラーメン,室蘭,10/21,,
4,0142,伊達,異質な伊達者,異質,142,伊達,伊達,11/21,,
4,0143,室蘭,カレーラーメンの美味しさ,美味しさ,0143,カレーラーメン,室蘭,11/21,,※カレーラーメン：室蘭名物のラーメン
4,0144,苫小牧,獅子舞苫小牧,獅子,44,苫小牧,苫小牧,11/21,,※駒大苫小牧のリズムで
4,0145,日高,横に日高昆布,横,45,日高昆布,日高,11/26,,※日高昆布：日高の名産品
4,0146,浦河,白い襟の裏側は,白,46,襟の、裏側,えりも、浦河,11/21,,
3,015,帯広,試されに行こう道東へ,行こ,15,道東,道東,11/21,,
4,0152,網走,ゴツい刑務所網走監獄,ゴツ,52,網走監獄,網走,11/21,,※網走監獄：明治期の刑務所
4,0153,根室,根菜根室,根菜,53,根室,根室,11/21,,
4,0154,釧路,こしろくしろ,こし,54,くしろ,釧路,11/21,,
4,0155,帯広,ゴーゴー帯広ばんえい競馬,ゴーゴー,55,帯広ばんえい競馬,帯広,11/21,,※ばんえい競馬：馬がそりを引くタイプの競馬
4,0156,本別,コロコロコミック別冊,コロコロ,56,コミック別,本別,11/25,,
4,0157,北見,小麦の粉は北見産,粉,57,小麦,北見,11/25,,※小麦：菓子用薄力小麦「北見95号」が有名
4,0158,紋別,ゴーヤの紋章,ゴーヤ,58,紋,紋別,11/25,,
3,016,旭川,以北の果ては道北です,以北,16,道北,道北,11/25,,
4,0162,稚内,唯一無二もわっかんない,一無二,162,わっかんない,稚内,11/25,,
4,0163,天塩,霧散霧塩,霧散,63,塩,天塩,11/25,,※霧散霧消
4,0164,留萌,虫に萌え,虫,64,萌え,留萌,11/25,,
4,0165,名寄,別なよろこび,ろこ,65,別、なよろ,士別、名寄,11/25,,
4,0166,旭川,ろくろ首みたいキリンさん,ろくろ首,66,キリンさん,旭川,11/27,,※キリンさん：旭山動物園のアミメキリン
4,0167,富良野,いろんな種類のラベンダー,いろんな,167,ラベンダー,富良野,11/25,,※ラベンダー：富良野の名産品
3,017,青森,青の稲妻 青森県,稲,17,青,青森,10/21,,※稲妻：「青天の霹靂」が青森のブランド米
4,0172,弘前,夏前,夏,72,前,弘前,11/27,,※0272：前橋と同じ覚え方
4,0173,五所川原,波に乗れ揚げ鯛焼き,波,73,揚げ鯛焼き,五所川原,11/27,,※揚げ鯛焼き(あげたい)：五所川原名物、桃鉄でも有名
4,0174,今別,梨と今別れよう,梨,74,今別,今別,11/27,,
4,0175,むつ,なごむつ,なご,75,むつ,陸奥,11/27,,※和む
4,0176,十和田,南無は永遠だ,南無,76,永遠だ,十和田,11/27,,
4,0177,青森,旧暦の7月7日はねぶた祭,七月七日,77,ねぶた祭,青森,11/27,,※ねぶた祭：東北三大祭り
4,0178,八戸,八戸,八,8,八戸,八戸,11/27,,
4,0179,三戸,泣くほどうまいニンニクサンド,泣く,79,ニンニク、サンド,田子、三戸,11/27,,※ニンニク：田子の名産品
3,018,秋田,18歳の秋田美人,18,18,秋田美人,秋田,10/21,,※秋田美人：日本三大美人
4,0182,横手,パンツ横縞,パンツ,82,横,横手,11/27,,
4,0183,湯沢,婆さんの湯,婆さん,83,湯,湯沢,11/27,,
4,0184,由利本荘,いやよユリに過保護,いやよ,184,ユリ、に過保,由利本荘、にかほ,11/27,,
4,0185,男鹿,箱入りナマハゲ,箱,85,ナマハゲ,男鹿,11/27,,※ナマハゲ：男鹿半島の来訪神
4,0186,大館,ハムもおだてりゃ木に登る,ハム,86,おだて,大館,11/27,,※豚もおだてりゃ木に登る
4,0187,仙北,戦国の華、大戦,華,87,戦国、大戦,仙北、大仙,11/27,,
4,0188,秋田,はっぱの秋だ,はっぱ,88,秋だ,秋田,11/27,,
3,019,岩手,岩で行くで！,行く,19,岩で,岩手,11/28,,
4,0191,一関,一関,一,1,一関,一関,11/27,,
4,0192,大船渡,国々を渡る大船と,国々,92,大船,大船,11/27,,
4,0193,釜石,草の釜揚げ,草,93,釜,釜石,11/27,,
4,0194,久慈,久慈,久慈,94,久慈,久慈,11/27,,
4,0195,二戸,救護だニトログリセリン,救護,95,ニト,二戸,11/28,,※ニトログリセリン：心臓発作に有効な薬
4,0196,盛岡,黒い森,黒,96,森,盛岡,11/27,,※ドイツにある森
4,0197,北上,北には行くな,行くな,197,北,北上,11/27,,
4,0198,花巻,くっぱまき,くっぱ,98,ぱまき,花巻,11/27,,
3,022,宮城,ずんだもち宮城県,ず,2,ずんだ,宮城,11/28,,※ずんだ：宮城名物の枝豆由来の餡
4,0220,登米,二重に留め具で挟む,二重,20,留め、挟む,登米、迫,11/28,,※迫町：合併前の自治体名
4,0222,仙台,ずずずんだ,ずずず,222,ずんだ,仙台,11/28,,
4,0223,岩沼,兄さん何も言わぬまま,兄さん,23,言わぬま,岩沼,11/28,,
4,0224,白石,白石,白,4,白石,白石,11/28,,
4,0225,石巻,ニコイチの巻,ニコ,25,イチの巻,石巻,11/28,,
4,0226,気仙沼,風呂の換気扇,風呂,26,気扇,気仙沼,11/28,,
4,0227,仙台,通なずんだ,通な,27,ずんだ,仙台,11/28,,
4,0228,栗原,つやつやの栗だって,つやつや,28,栗、だって,栗原、築館,11/28,,※築館町：合併前の自治体名
4,0229,大崎,古い肉の多さ,肉,29,多さ、古い,大崎、古川,11/28,,※古川市：合併前の自治体名
3,023,山形,さくらんぼの山形県,さ,023,さくらんぼ,山形,12/03,,※さくらんぼ：山形の名産品
4,0233,新庄,新庄三球三振,三 三,33,新庄,新庄,12/03,,※新庄：新庄剛志(元プロ野球選手)
4,0234,酒田,刺身とお酒,刺身,34,酒,酒田,12/03,,
4,0235,鶴岡,亀から見たら 鶴はザコ,ザコ,35,鶴,鶴岡,12/03,,※鶴は千年、亀は万年
4,0236,山形,寒い日は芋煮,寒,36,芋煮,山形,,,※芋煮：山形の郷土料理
4,0237,村山,みんなの村,みんな,37,村,村山,12/03,,
4,0238,米沢,米沢牛を捌く,捌,38,米沢,米沢,12/03,,※米沢牛：日本三大和牛
3,024,福島,ふーしま県,ふーし,24,ふーしま,福島,11/28,,
4,0240,大熊,夜空のおおぐま座,夜空,40,おおぐま,大熊,12/03,,
4,0241,喜多方,お寿司行きたかった,お寿司行,0241,きたかった,喜多方,12/03,,
4,0242,会津若松,西に進めばあいつが待つ,西に,242,あいつ若,会津若松,12/03,,
4,0243,二本松,4・3・二本松,4・3,43,二本松,二本松,12/03,,
4,0244,相馬,シシュウマイ,シシュ,44,ウマ,相馬,12/03,,
4,0245,福島,横縞服の縞,横,45,服の縞,福島,12/03,,
4,0246,いわき,磐城,城,46,磐城,磐城,12/03,,
4,0247,田村,シナムラ,シナ,47,ムラ,田村,12/03,,※しまむら、しながわ：0947 田川
4,0248,白河,シワカワ,シワ,48,シワカワ,白河,12/03,,
4,0249,郡山,強く肯定,強く,249,肯,郡山,12/03,,
3,025,新潟,にいごた県,にいご,25,にいごた,新潟,11/28,,
4,0250,五泉,五千,五千,50,五千,五泉,12/03,,
4,0252,新潟,新潟,新,2,新潟,新潟,12/03,,
4,0253,新潟,-,-,-,-,-,12/03,,
4,0254,新発田,新発田,新,4,新発田,新発田,12/03,,
4,0255,上越,ここを越えていけ,ここ,55,越,上越,12/03,,
4,0256,三条,ゴロツキ参上！,ゴロ,56,参上,三条,12/03,,
4,0257,柏崎,お菓子コーナー,コーナー,57,菓子,柏崎,12/03,,
4,0258,長岡,今夜は長いよ,今夜,58,長,長岡,12/03,,※0958長崎と同じ覚え方
4,0259,佐渡,時刻はトキ,刻,59,トキ,佐渡,12/03,,※トキ：佐渡で保護飼育されている
3,026,長野,お風呂が長いの 長野県,お風呂,026,長いの,長野,12/05,,
4,0260,阿南,群れたアナコンダ,群れ,60,アナ,阿南,12/05,,
4,0261,大町,ロイヤルマッチ,ロイ,61,マッチ,大町,12/05,,※スマホアプリの名前
4,0262,長野,お風呂に蛾なの！,お風呂に,0262,蛾なの,長野,12/05,,
4,0263,松本,無惨な松,無残,63,松,松本,12/05,,
4,0264,木曽,虫の木そっと,虫,64,木そ,木曽,12/05,,
4,0265,飯田,むごいいだ,むご,65,いいだ,飯田,12/05,,
4,0266,諏訪,モクモク 諏訪の工業地帯,モクモク,66,諏訪,諏訪,12/05,,※諏訪工業地帯：時計などの精密機械工業が有名
4,0267,小諸,胸毛オモロ,胸,67,オモロ,小諸,12/06,,
4,0268,上田,牢屋は上だ,牢屋,68,上だ,上田,12/05,,
4,0269,飯山,ロックがいい山,ロック,69,マウンテン,飯山,12/06,,
3,027,群馬,ツナ軍艦の 群馬県,ツナ,27,軍艦,群馬,12/06,,
4,0270,伊勢崎,伊勢海老になれー,なれ,70,伊勢,伊勢崎,12/06,,
4,0272,前橋,夏前,夏,72,前,前橋,12/06,,※0172弘前と同じ覚え方
4,0273,高崎,高菜さん,菜さん,73,高,高崎,12/06,,
4,0274,富岡,富岡製糸場,糸,4,富岡,富岡,12/06,,※富岡製糸場：明治期の官営工場
4,0276,太田,南無お陀仏,南無,76,お陀,太田,12/06,,
4,0277,桐生,ラッキリューセブン,セブン,7,キリュー,桐生,12/06,,
4,0278,沼田,沼で難破,難破,78,沼で,沼田,12/06,,
4,0279,渋川,泣く泣く渋柿,泣く泣く,79,渋柿,渋川,12/06,,
3,028,栃木,ツヤツヤとちおとめ,ツヤツヤ,28,とちおとめ,栃木,10/21,,※とちおとめ：栃木発のいちごの品種
4,0280,古河,あの子がパレード,パレ,80,子が,古河,12/07,,
4,0281,鉾田,パイを誇った,パイ,81,誇った,鉾田,12/07,,
4,0282,栃木,とちおとめパンツ,パンツ,82,とちおとめ,栃木,12/07,,※いちごパンツ
4,0283,佐野,佐野,佐,3,佐野,佐野,12/07,,
4,0284,足利,パシリの足,パシ,84,足,足利,12/07,,
4,0285,小山,箱の山,箱,85,の山,小山,12/07,,
4,0286,宇都宮,ハロウツノミヤ,ハロウ,86,ウツノミヤ,宇都宮,12/07,,
4,0287,那須塩原,バナナナス,バナナ,87,ナス,那須塩原,12/07,,
4,0288,日光,パパもニッコリ,パパ,88,ニッコリ,日光,12/07,,
4,0289,鹿沼,野球馬鹿の沼,野球,89,鹿の沼,鹿沼,12/07,,
3,029,茨城,畑のお肉 水戸納豆,お肉,029,水戸納豆,茨城,10/21,,※水戸納豆：水戸名物
,0291,鉾田,球威を誇った,球威,91,誇った,鉾田,12/23,,
4,0292,水戸,水戸光圀,圀,92,水戸,水戸,12/08,,※水戸光圀：水戸黄門
4,0293,高萩,草が高すぎ,草,93,高すぎ,高萩,12/08,,
4,0294,常陸太田,つくし、太く立つ,つくし,294,太く、立つ,常陸太田、日立,12/08,,
4,0295,常陸大宮,求婚は大見え切って,求婚,95,大見え,大宮,12/08,,
4,0296,笠間,黒い傘間に合ってます,黒い,96,傘間,笠間,12/08,,
4,0297,坂東,苦難のバンド,苦難,97,バンド,坂東,12/08,,
4,0298,土浦,つくば,つくば,298,つくば,つくば,12/08,,※ＭＡは土浦市だが「つくば」が綺麗すぎるので
4,0299,鹿嶋,救急箱貸します,救急,99,貸しま,鹿嶋,12/08,,
3,03 ,東京,東京03,03,03,東京,東京,10/21,,※お笑い芸人のグループ名にもなっている
4,03xx,狛江,三コマ漫画,三,3,コマ,狛江,12/08,,
3,042,八王子,四二が八王子,四二,42,八王子,八王子,12/09,,※4×2=8
4,0420,所沢,それがつれぇところだわ,つれぇ,20,ところだわ,所沢,12/08,,
4,0422,武蔵野,にんにん武者修行,にんにん,22,武者,武蔵野,12/08,,
4,0423,国分寺,兄さんが国を分ける,兄さん,23,国を分ける,国分寺,12/09,,
4,0424,西東京,西東京,西,24,西東京,西東京,12/08,,
4,0425,立川,濁ったちいかわ,濁,25,たちいかわ,立川,12/08,,※ちいかわ：漫画のキャラクター
4,0426,八王子,２＋６＝八王子,２＋６,26,八王子,八王子,12/08,,
4,0427,相模原,横綱相撲,綱,27,相撲,相模原,12/08,,
4,0428,青梅,つっぱい梅干し,つっぱい,28,梅,青梅,12/08,,
4,0429,飯能,肉と飯,肉,29,飯,飯能,12/08,,
3,043,千葉,梨の産地だよ 千葉県は,産,3,梨,千葉,12/10,,※梨：千葉の名産品
4,0432,千葉,札で千羽鶴,札,32,千羽,千葉,12/10,,
4,0433,千葉,-,-,-,-,-,12/10,,
4,0434,千葉,-,-,-,-,-,12/10,,
4,0436,市原,寒い！腹だすと,寒,36,い！腹,市原,12/10,,
4,0438,木更津,砂漠は更地,砂漠,38,更,木更津,12/10,,
4,0439,君津,キミク,ミク,39,キミク,君津,12/09,,
3,044,川崎,何CCかな?カワサキバイク,CC,44,カワサキ,川崎,12/15,,※カワサキモータースの本社は兵庫県明石市
4,044x,川崎,何CCかな?カワサキバイク,CC,44,カワサキ,川崎,12/15,,
3,045,横浜,ヨコ,ヨコ,45,ヨコ,横浜,10/21,,※通信タイムス(1965)「市外局番の語呂合せ」より
4,045x,横浜,ヨコ,ヨコ,45,ヨコ,横浜,10/20,,
3,046,小田原,無敵のお城 小田原城,お城,046,小田原城,小田原,10/21,,※小田原城：後北条氏の居城
4,0460,箱根,ランナーの群れ 箱根駅伝,群れ,60,箱根駅伝,箱根,12/15,,※箱根駅伝：東京箱根間往復大学駅伝競走
4,0462,厚木,むずむず暑い,むずむず,62,暑い,厚木,12/15,,
4,0463,平塚,むさい平屋,むさ,63,平,平塚,12/15,,
4,0464,厚木,蒸し暑い,蒸し,64,暑い,厚木,12/15,,
4,0465,小田原,ムゴイ包囲だ小田原征伐,ムゴ,65,小田原征伐,小田原,12/15,,※小田原征伐：豊臣秀吉が後北条氏を下した戦役
4,0466,藤沢,ろくろっふじ,ろくろ,66,ふじ,藤沢,12/15,,※ろくろ首
4,0467,鎌倉,いい胸毛だね鎌倉武士,胸,67,鎌倉武士,鎌倉,12/15,,※いい胸毛だね清盛さん
4,0468,横須賀,海軍の牢屋,牢屋,68,海軍,横須賀,12/15,,※海軍：横須賀は海軍の軍港として栄えた
3,047,船橋,梨の産地だよ 千葉県は,梨,7,梨,千葉,12/19,,※梨：千葉の名産品
4,0470,鴨川,鴨になれよ,なれ,70,鴨,鴨川,12/15,,
4,0471,柏,菓子はない,ない,71,菓子は,柏,12/15,,※0472は千葉市だったため欠番
4,0473,市川,波がきちぃ川,なみ,73,きちぃ川,市川,12/22,,
4,0474,船橋,ふなっしー,なっしー,74,ふなっしー,船橋,12/15,,※ふなっしー：船橋市の非公式マスコットキャラ
4,0475,茂原,モナコ,ナコ,75,モ,茂原,12/15,,※ヨーロッパの国名
4,0476,成田,なろた空港,なろ,76,なろた空港,成田,12/15,,※成田空港：海外への空の玄関口
4,0477,船橋,らっきーせぶんなっしー,らっきーせぶん,77,なっしー,船橋,12/15,,
4,0478,香取,納屋の蚊取り線香,納屋,78,蚊取り,香取,12/15,,
4,0479,銚子,調子悪くて泣く,泣く,79,調子,銚子,12/15,,
3,048,埼玉,やさいたま,や,8,さいたま,埼玉,12/15,,※野菜
4,0480,久喜,バレーボールの空気入れ,バレー,80,空気,久喜,12/15,,
4,0482,川口,パッツンカワイイ,パッツン,82,カワ,川口,12/15,,
4,0483,川口,-,,,,,12/15,,
4,0484,川口,-,,,,,12/15,,
4,0485,熊谷,子熊,子,5,熊,熊谷,12/15,,
4,0486,さいたま,ハムを裂いたま,ハム,86,裂いたま,さいたま,12/15,,
4,0487,さいたま,-,,,,,12/15,,
4,0488,さいたま,-,,,,,12/15,,
4,0489,草加,パクパク草加せんべい,パクパク,89,草加せんべい,草加,12/15,,※せんべい：草加の名産品
3,049,秩父,くさいたま,く,9,さいたま,埼玉,12/15,,※漫画『翔んで埼玉』のセリフに登場
4,0492,川越,武蔵国 川越,国,92,川越,川越,12/15,,※武蔵国：江戸幕府のお膝元、川越は小江戸と呼ばれる
4,0493,東松山,草を待つヤマアラシ,草,93,待つヤマ、アラシ,東松山、嵐山,12/15,,
4,0494,秩父,櫛で梳かす父,櫛,94,父,秩父,12/15,,
4,0495,本庄,中古本女子,中古,95,本女子,本庄市,12/15,,
4,0499,大島,クック諸島,クック,99,島,大島,12/15,,※オセアニアの国名
3,052,名古屋,ゴツイ個性の名古屋めし,ゴツ,52,名古屋めし,名古屋,12/15,,※名古屋めし：名古屋名物のひつまぶし、味噌カツなど
4,052x,名古屋,甘党喫茶,,,甘、党、喫,あま、東海、清須,12/15,,※喫茶：喫茶マウンテンの抹茶スパが有名
3,053,浜松,浜松ギョーザ,ギョーザ,53,浜松ギョーザ,浜松,12/15,,※浜松餃子：浜松名物
4,0531,田原,咲いた原,咲い,31,た原,田原,12/15,,
4,0532,豊橋,考察班の端くれ,考察,532,端,豊橋,12/15,,
4,0533,豊川,サラサラ流れる豊かな川,サラサラ,33,豊かな川,豊川,12/15,,
4,0534,浜松,うなぎの刺身,刺身,34,うなぎ,浜松,12/15,,※うなぎ：浜松市の名産品
4,0535,浜松,-,-,-,-,-,12/15,,
4,0536,新城,寒い新雪,寒,36,新雪,新城、設楽,12/15,,
4,0537,掛川,みんながお前の賭けを聞く,みんな,37,お前、賭け、聞く,御前崎、掛川、菊川,12/15,,　　　　　　　
4,0538,磐田,サンバで祝った,サンバ,38,祝った,磐田,12/15,,
4,0539,浜松,浜松の技術 初音ミク,ミク,39,初音ミク,浜松,12/15,,※初音ミク：VOCALOIDは浜松に本社があるYAMAHA由来
3,054,静岡,静岡,静,4,静岡,静岡,12/15,,
4,0542,静岡,静岡,静,42,静岡,静岡,12/15,,
4,0543,静岡,-,-,-,-,-,12/15,,
4,0544,富士宮,よきよき！ 富士宮焼きそば,よきよき,44,富士宮焼きそば,富士宮,12/15,,※富士宮焼きそば：富士宮名物
4,0545,富士,四股踏む富士のお相撲さん,四股,45,富士,富士,12/15,,※富士：千代の富士や日馬富士らが有名
4,0546,静岡,しむおか,しむ,46,しむおか,静岡,12/15,,
4,0547,島田,シナダ,シナ,47,シナダ,島田,12/15,,
4,0548,牧之原,シワシワの巻物,シワシワ,48,巻,牧之原,12/15,,
4,0549,静岡,よく出る静岡,よく,49,静岡,静岡,12/15,,
3,055,甲府,甲府,甲,5,甲府,甲府,12/15,,
4,0550,御殿場,御殿場,御殿,50,御殿場,御殿場,12/15,,
4,0551,韮崎,ココイチ ニラカレー,ココイチ,551,ニラ,韮崎,12/15,,※CoCo壱番屋(ココイチ)：カレーチェーン店
4,0552,甲府,甲府,甲府,52,甲府,甲府,12/15,,
4,0553,山梨,ごみの山無し,ごみ,53,山無し,山梨,12/15,,
4,0554,大月,今宵の大きい月,今宵,54,大きな月,大月,12/15,,
4,0555,富士吉田,ゴーゴーゴー！ 富士急ハイランド,ゴーゴーゴー！,555,富士急ハイランド,富士吉田,12/15,,※富士急ハイランド：富士吉田市の遊園地
4,0556,富士川,日本の心 富士と川,心,556,富士と川,富士川,12/15,,
4,0557,熱海,ココナッツは熱い海で,ココナッツ,557,熱い海,熱海,12/15,,
4,0558,下田,霜だ！ココア飲も,ココア,558,霜だ,下田,12/15,,
4,0559,沼津,まずい！ゴクゴク,ゴクゴク,59,沼津,まず,12/15,,
3,056,豊田,コロコロトヨタ,コロコロ,56,トヨタ,豊田,12/15,,※トヨタ：豊田市に本社がある自動車メーカー
4,0561,瀬戸,瀬戸際公務員,公務員,561,瀬戸,瀬戸,12/15,,
4,0562,知多,むつごろうVSチーター,むつ,62,チーター,知多,12/15,,※むつごろう：畑正憲(動物研究家)
4,0563,西尾,無味に塩,無味,63,に塩,西尾,12/15,,
4,0564,岡崎,蒸しておかなきゃ,蒸し,64,おか,岡崎,12/15,,
4,0565,豊田,コロコロトヨタ,コロコロ,56,トヨタ,豊田,12/15,,
4,0566,刈谷,ろくろを借りた,ろくろ,66,借りた,刈谷,12/15,,
4,0567,津島,コロナになっつしまった,コロナ,567,つしま,津島,12/15,,
4,0568,春日井,ロバを貸すがいい,ロバ,68,貸すがいい,春日井,12/15,,
4,0569,半田,無垢なパンダ,無垢,69,パンダ,半田,12/15,,
3,057,多治見,困難たじたじ,困難,57,たじたじ,多治見,12/23,,※
4,0572,多治見,困難にたじたじ,困難に,572,たじたじ,多治見,12/15,,
4,0573,恵那,コナミええなぁ,コナミ,573,ええなぁ,恵那,12/15,,※コナミ：ゲーム会社
4,0574,可児,やまなしの蟹,なし,74,蟹,蟹江,12/15,,※やまなし：宮沢賢治の童話
4,0575,関,五七五じゃない 咳をしても一人,五七五,575,咳,関,12/15,,※咳をしても一人：尾崎放哉の俳句
4,0576,下呂,ゲロゲロになろう！,なろう,76,ゲロゲロ,下呂,12/15,,
4,0577,高山,ラッキーセブンで宝の山,ラッキーセブン,77,宝の山,高山,12/15,,
4,0578,飛騨,納屋に被弾,納屋,78,被弾,飛騨,12/15,,
3,058,岐阜,ごはんを寄付,ごはん,58,寄付,岐阜,12/23,,
4,0581,本巣,牌を戻す,牌,81,戻すし,本巣,12/15,,※麻雀のルールで禁止されている
4,0582,岐阜,ごはんつぶを寄付,ごはんつ,582,寄付,岐阜,12/15,,
4,0583,岐阜,-,-,-,-,-,12/15,,
4,0584,大垣,走るガキ大将,走,84,ガキ大,大垣,12/15,,
4,0585,揖斐川,箱いび娘,箱,85,いび,揖斐川,12/15,,※箱入り娘
4,0586,一宮,はろーみや,はろ,86,ーみや,一宮,12/15,,
4,0587,稲沢,バナナ稲作,バナナ,87,稲,稲沢,12/15,,
3,059,三重,見栄張る王国,王国,059,見栄,三重,12/23,,
4,0592,津,苦痛,苦痛,92,痛,津,12/15,,
4,0593,四日市,四日坊主のコックさん,コックさん,593,四日,四日市,10/21,,
4,0594,桑名,国士の罠,国士,594,罠,桑名,12/15,,※国士：国士無双の略。麻雀の役
4,0595,亀山,国語の亀さん,国語,595,亀さん,亀山,12/15,,
4,0596,伊勢,ご苦労様ですお伊勢参り,ご苦労,596,お伊勢参り,伊勢,12/15,,※お伊勢参り：伊勢神宮へ参拝すること
4,0597,尾鷲,国難オワタ,国難,597,オワ,尾鷲,12/15,,
4,0598,松阪,松阪牛クッパ,クッパ,98,松阪牛,松阪,12/15,,※松阪牛：松阪市の名産品
4,0599,鳥羽,キュンキュンする言葉,キュンキュン,99,言葉,鳥羽,12/15,,
3,06 ,大阪,オムそば,オム,06,オムそば,大阪,12/15,,※オムそば：大阪発祥の料理
2,06,尼崎,オムレットは甘い,オムレット,06,甘い,尼崎,12/15,,
3,072,堺,夏色 坂を下っていく,夏,72,坂,堺,12/15,,※夏色：ゆずの代表曲
4,0721,富田林,なにい！？林が飛んだ！？,なにい,721,林が飛んだ,,12/15,,
4,0722,堺,夏に坂を下っていく,夏に,722,坂,堺,12/15,,
4,0723,堺,-,-,-,-,-,12/15,,
4,0724,岸和田,にしわだ,にし,24,にしわだ,岸和田,12/15,,
4,0725,和泉,ニコニコはワイのおかげ,ニコニコ,25,わい,和泉,12/15,,※和泉の読みは正しくは「わいずみ」ではなく「いずみ」
4,0726,茨木,通路は茨の道,通路,26,茨,茨木,12/15,,
4,0727,池田,ツナの池だ,ツナ,27,池だ,池田,12/15,,
4,0728,寝屋川,ニヤガワ,ニヤ,28,ニヤガワ,寝屋川,12/15,,
4,0729,八尾,肉屋と八百屋,肉,29,八百,八尾,12/15,,
3,073,和歌山,ミカンの 和歌山県,ミカン,3,ミカン,和歌山,12/15,,※ミカン：和歌山県の名産品
4,0734,和歌山,民謡と和歌,民謡,34,和歌,和歌山,12/15,,
4,0735,新宮,サンゴの竜宮,サンゴ,35,竜宮,新宮,12/15,,
4,0736,橋本,寒い足元,寒,36,足元,橋本,12/15,,
4,0737,有田,並々ならぬ有田みかん,並々な,737,有田みかん,有田,12/15,,※有田みかん：有田市の名産品
4,0738,御坊,鯖のごぼう煮,鯖,38,ごぼう,御坊,12/15,,
4,0739,田辺,ざく切り鍋,ざく,39,鍋,田辺,12/15,,
3,074,奈良,シカたちの 奈良公園,シカ,4,シカ,奈良,12/15,,※奈良公園：シカが国の天然記念物に指定されている
4,0740,高島,たかしまん,しまん,40,たかしま,高島,12/15,,
4,0742,奈良,静かに奈良漬け,静,42,奈良漬け,奈良,12/15,,※奈良漬け：奈良名物の漬物
4,0743,生駒,予算困った,予算,43,困った,生駒,12/15,,
4,0744,桜井,夜々桜,夜々,44,桜,桜井,12/15,,
4,0745,大和高田,仕事だから大和高田,仕事,45,だから,大和高田,12/15,,
4,0746,吉野,素人はよしな,素,46,よしな,吉野,12/15,,
4,0747,五條,ナヨナヨな御嬢,ナヨナヨな,747,御嬢,五條,12/15,,
4,0748,近江八幡,八幡,八,8,八幡,近江八幡,12/15,,
4,0749,彦根,欲張りひこにゃん,欲,49,ひこにゃん,彦根,12/15,,※ひこにゃん：彦根市のマスコットキャラ
3,075,京都,女子(おなご)は京美人,女子,075,京美人,京都,12/15,,※京美人：日本三大美人
4,075x,京都,向こうに長髪柔肌少女,,,向こう、長、柔、少女,向日、長岡京、八幡、京都,12/15,,
3,076,金沢富山,なろうよ金持ち大富豪,なろう,76,金、富豪,金沢、富山,12/16,,
4,0761,小松,剥いた小松菜,剥い,61,小松,小松,12/16,,
4,0762,金沢,ローズゴールド,ローズ,62,ゴールド,金沢,12/16,,※金に銀・銅を混ぜた混合物
4,0763,砺波,√3 : 人並みに,√3,63,人並み,砺波,12/16,,※人並みにおごれや(√3の語呂合わせ)
4,0764,富山,虫の山,虫,64,の山,富山,12/16,,
4,0765,魚津,サカナムコ,ナムコ,765,サカナ,魚津,12/16,,
4,0766,高岡,ろくろが高い,ろくろ,66,買おうか,高岡,12/16,,
4,0767,七尾,七尾,七,7,七尾,七尾,12/16,,
4,0768,輪島,ハジマ,ハ,8,ハジマ,輪島,12/16,,
3,077,京都大津福井,なんなん！？この割り振られ方,なんなん,77,この割り振られ方,京都、大津、福井,12/16,,
4,0770,小浜,馴れ馴れしいオバマ,馴れ馴れ,70,オバマ,小浜,12/16,,
4,0771,亀岡,噛めない,ない,71,噛め,亀岡,12/16,,
4,0772,宮津,夏やずみ,夏,72,やずみ,宮津,12/16,,
4,0773,福知山,涙を拭く知山,涙,73,拭く知山,福知山,12/16,,
4,0774,宇治,宇治,治,4,宇治,宇治,12/16,,
4,0775,大津,ナナコで買おおつ！,ナナコ,775,おおつ,大津,12/16,,※ナナコ：電子決済サービス
4,0776,福井,南無で冥福祈ります,南無,76,福祈,福井,12/16,,
4,0778,鯖江,名ばかりのサーバーへ,名ば,78,サーバーへ,鯖江,12/16,,
4,0779,大野,泣く泣くOh NO!,泣く泣く,79,OhNo,大野,12/16,,
3,078,神戸,ハーバーランド 神戸港,ハ,8,神戸港,神戸,12/16,,※ハーバーランド：神戸港周辺の再開発地域
4,078x,神戸,明るいハーバー,,,明,明石,12/16,,
3,079,姫路,クイーンの姫路城,クイーン,9,姫路城,姫路,12/16,,※姫路城：徳川家康の孫娘、千姫が有名
4,0790,加西,火災保険くれ！,くれ,90,火災,加西,12/16,,
4,0791,たつの,悔いは先に立つの？,悔い,91,たつの,たつの,12/16,,※後悔先に立たず
4,0792,姫路,国のクイーン,国,92,クイーン,姫路,12/16,,
4,0793,姫路,-,-,-,-,-,12/16,,
4,0794,加古川,棋士のまち 加古川,棋士,94,棋士のまち,加古川,12/16,,※棋士のまち：加古川市がプロ棋士を多く輩出したことから
4,0795,三田,泣く子にサンダー,泣く子,795,サンダー,三田,12/16,,
4,0796,豊岡,黒いタピオカ,黒,96,オカ,豊岡,12/16,,
4,0797,宝塚,泣くな 宝塚歌劇団,泣くな,797,宝塚歌劇団,宝塚,12/16,,※宝塚歌劇団：宝塚市を拠点にする劇団
4,0798,西宮,キューバは西が嫌,キューバ,98,西が嫌,西宮,12/16,,※キューバは社会主義国家
4,0799,淡路,救急車 間に合わじ,救急,99,合わじ,淡路,12/16,,※間に合わじ：将棋棋士豊川七段の名言
3,082,広島,おやつは広島もみじ饅頭,おやつ,082,もみじ饅頭,広島,12/16,,※もみじ饅頭：広島名物の饅頭
4,0820,柳井,ノーパンやないかい！,ノーパン,0820,やない,柳井,12/16,,※ノーパン：おぱんつゼロを指す
4,0822,広島,バットふりふり広島カープ,バットフリフリ,822,広島カープ,広島,12/16,,※通信タイムス(1965)「市外局番の語呂合せ」より
4,0823,呉,兄さんをくれ！,兄さん,23,くれ,呉,12/16,,
4,0824,三次,にじさんじ,にじ,24,さんじ,三次,12/16,,※三次の読みは「みよし」 ※にじさんじ：VTuberのグループ
4,0825,広島,ニコニコヒーロー,ニコニコ,25,ヒーロー,広島,12/16,,
4,0826,安芸高田,風呂は飽きた,風呂,26,飽きた,安芸高田,12/16,,
4,0827,岩国,ツナマヨ岩のり,ツナ,27,岩,岩国,12/16,,
4,0828,広島,ニヤニヤヒーロー,ニヤニヤ,28,ヒーロー,広島,12/16,,
4,0829,廿日市,肉が甘くない,肉,29,甘くない,廿日市,12/16,,※甘日市ではなく廿日市(はつかいち)
3,083,山口,闇で危険な山口県,闇,83,闇で危険,山口県,10/21,,
4,0832,下関,雑な下ネタ,雑,32,下,下関,12/16,,
4,0833,下松,散々くだらない話をされる,散々,33,くだ,下松,12/16,,
4,0834,周南,ばさしゅーなん,ばさし,834,しゅーなん,周南,12/16,,
4,0835,防府,ザコを防ぐ,ザコ,35,防,防府,12/16,,
4,0836,宇部,挟む→うげ,挟む,836,うげ,宇部,12/16,,
4,0837,長門,長門,長,7,長門,長門,12/16,,
4,0838,萩,萩,萩,8,萩,萩,12/16,,
4,0839,山口,やみぐち,やみぐ,839,やみぐち,山口,12/16,,
3,084,福山,端まで拭くやま,端,84,拭くやま,福山,12/16,,
4,0845,尾道,横道尾道,横,45,尾道,尾道,12/16,,
4,0846,竹原,城に竹槍,城,46,竹,竹原,12/16,,
4,0847,府中,世直し中,世直,47,中,府中,12/16,,
4,0848,三原,視野に見晴らし,視野,48,見晴らし,三原市,12/16,,
4,0849,福山,よく拭くやま,よく,49,拭くやま,福山,12/16,,
3,085,鳥取島根,親子で覚える にしまね とうっとり,親子,085,にしまね、とうっとり,島根、鳥取,,,※鳥取島根の位置の覚え方
4,0851,隠岐の島,箱入り隠し子,箱入,851,隠,隠岐の島,12/16,,※箱入り娘
4,0852,松江,箱庭で待つえ,箱庭,852,待つえ,松江,12/16,,
4,0853,出雲,古参は出雲そば,古参,53,出雲そば,出雲,12/16,,※出雲そば：出雲名物、桃鉄でも有名
4,0854,安来,ゴシゴシやすり,ゴシゴシ,54,やすり,安来,12/16,,
4,0855,浜田,ゴリラ浜田,ゴリラ,5,浜田,浜田,12/16,,※浜田：浜田雅功(お笑いタレント)、ゴリラのコラ画像が有名
4,0856,益田,航路を決めてマストを立てろ,航路,56,マスト,益田,12/16,,
4,0857,鳥取,粉が舞い上がる鳥取砂丘,粉,57,砂丘,鳥取,12/16,,※鳥取砂丘：代表的な海岸砂丘
4,0858,倉吉,今夜くらいヨシ！,今夜,58,くらいヨシ！,倉吉,12/16,,
4,0859,米子,号泣の迷子,号泣,59,迷子,米子,12/16,,
3,086,岡山,HELLO! 大都会岡山県,HELLO!,86,大都会,岡山,10/21,,※大都会岡山：ネットスラング
4,0862,岡山,浪人ももたろう,浪人,62,ももたろう,岡山,12/16,,※ももたろう：岡山が発祥地とされる
4,0863,玉野,無産階級玉の輿,無産,63,玉の,玉野,12/16,,
4,0864,倉敷,羽虫らしきもの,羽虫,864,らしき,倉敷,12/16,,
4,0865,笠岡,婿に傘を貸す,婿,65,傘を貸,笠岡,12/16,,
4,0866,高梁,ろくろが高い,ろくろ,66,高い,高梁,12/16,,
4,0867,新見,むなしいみ,むな,67,しいみ,新見,12/16,,
4,0868,津山,老婆つやつや,老婆,68,つやつや,津山,12/16,,
4,0869,備前,ロックに備えよ,ロック,69,備,備前,12/16,,
3,087,香川,花の香り,花,87,香,香川,12/16,,
4,0875,観音寺,ハナコ観念しろ,ハナコ,875,観念し,観音寺,12/16,,
4,0877,丸亀,丸亀バナナ,バナナ,877,丸亀,丸亀,12/16,,※マジカルバナナのリズムで
4,0878,高松,納屋はあったかまつ,納屋,78,たかまつ,高松,12/16,,
4,0879,さぬき,泣くほどうまい讃岐うどん,泣く,79,讃岐うどん,讃岐,12/16,,※讃岐うどん：讃岐の名産品
3,088,徳島高知,拍手をコーチに送っとく,拍手,88,コーチ、送っとく,高知、徳島,12/16,,※88：拍手のネットスラング
4,0880,四万十,八万四万十,八万,80,四万十,四万十,12/16,,
4,0883,阿波,婆さんの阿波踊り,婆さん,83,阿波踊り,阿波,12/16,,※阿波踊り：日本三大盆踊り
4,0884,阿南,端の抜け穴,端,84,穴,阿南,12/16,,
4,0885,小松島,小松島,小,5,小松島,小松島,12/16,,
4,0886,徳島,ハム特売,ハム,86,特,徳島,12/16,,
4,0887,安芸,花飽きた,花,87,飽きた,安芸,12/16,,
4,0888,高知,拍手をコーチに,拍手,888,コーチ,高知,12/16,,
4,0889,須崎,はやくするさき,はやく,889,するさき,須崎,12/16,,
3,089,愛媛,野球拳は愛媛県,野球,89,野球拳,愛媛,10/21,,※野球拳：松山が発祥地
4,0892,久万高原,発掘したの久しぶり,発掘,892,久,久万高原,12/16,,
4,0893,大洲,白菜多すぎ,白菜,893,多すぎ,大洲市,12/16,,
4,0894,八幡浜,白紙になった八万円,白紙,894,八万,八幡浜,12/16,,
4,0895,宇和島,愚行だうわぁ,愚行,95,うわぁ,宇和島,12/16,,
4,0896,四国中央,四黒中央,黒,96,四黒中央,四国中央,12/16,,
4,0897,新居浜,来んな新居に,来んな,97,新居,新居浜,12/16,,
4,0898,今治,配っていたよ今治タオル,配,98,今治タオル,今治,12/16,,※今治タオル：今治の名産品
4,0899,松山,救急車を待つやま,救急,99,待つやま,松山,12/16,,
3,092,福岡,国を傾ける 博多美人,国,92,博多美人,福岡,12/16,,※傾国の美女 ※博多美人：日本三大美人
4,0920,対馬,フレーフレー対抗馬！,フレーフレー,20,対抗馬,対馬,12/15,,
4,092x,福岡,子が中に 春の築城 いとださし,,,子が、中、春、築、城、いと、ださし,古河、那珂川、春日、筑紫野、大野城、糸島、大宰府,12/16,,
3,093,北九州,キタクーサー,クーサー,93,キタクーサー,北九州,12/16,,
4,0930,行橋,去れ！去ってゆくはし,去れ,30,ゆくはし,行橋,12/16,,
4,093x,北九州,キタクーサー,クーサー,93,キタクーサー,北九州,12/16,,
3,094,久留米,給仕はグルメ,給仕,94,グルメ,久留米,12/16,,
4,0940,宗像,指令は無かった,指令,40,無かった,宗像,12/16,,
4,0942,久留米,質問が来るね,質,42,来るね,久留米,12/16,,
4,0943,八女,嫁さん八女さん,嫁さん,43,八女,八女,12/16,,
4,0944,大牟田,シーシー！無駄口禁止！,シーシー,44,無駄,大牟田,12/16,,
4,0946,朝倉,白い朝,白,46,朝,朝倉,12/16,,
4,0947,田川,シナガワタガワ,シナ,47,タガワ,田川,12/16,,※シナムラ：0247 田村
4,0948,飯塚,しあわせの飯図鑑,しあわせ,48,飯図鑑,飯塚,12/16,,
4,0949,直方,四角い直方体,四角,49,直方,直方,12/16,,
3,095,佐賀長崎,さなぎに求婚,求婚,95,さ、なぎ,佐賀、長崎,,,
4,0950,平戸,ゴールは平屋一戸建て,ゴー,50,平屋一戸,平戸,12/16,,
4,0952,佐賀,鉱夫の性,鉱夫,52,性,佐賀,12/16,,
4,0954,武雄,ゴシゴシするだけお,ゴシゴシ,54,だけお,武雄,12/16,,
4,0955,伊万里,こまりいまり,こ,5,伊万里,伊万里,12/16,,
4,0956,佐世保,ジャパネットたかたドットコム,コム,56,ジャパネットたかた,佐世保,12/16,,※ジャパネットたかた：佐世保市に本社がある通信販売会社
4,0957,島原,粉骨砕身 島原の乱,粉,57,島原の乱,島原,12/16,,※島原の乱：江戸時代の農民一揆
4,0958,長崎,今夜は長いよ,今夜,58,長い,長崎,12/16,,※0258長岡と同じ覚え方
4,0959,西海,国際会議,国,59,際会,西海,12/16,,
3,096,熊本,まっくろくまモン 熊本県,くろ,96,くまモン,熊本,10/21,,※くまモン：熊本市のマスコットキャラ
4,0962,熊本,むつごろうvs熊,むつ,62,熊,熊本,12/16,,※むつごろう：畑正憲(動物研究家)
4,0963,熊本,-,-,-,-,-,12/16,,
4,0964,宇土,蒸しうどん,蒸し,64,うど,宇土,12/16,,※宇土の読み方は正しくは「うど」ではなく「うと」
4,0965,八代,婿の八代目,婿,65,八代,八代,12/16,,
4,0966,水俣,クロム水,クロム,966,水,水,12/16,,
4,0967,阿蘇,ムナーソ,ムナ,67,ーソ,阿蘇,12/16,,
4,0968,山鹿,クローバー食べるシカ,クローバー,968,シカ,山鹿,12/16,,
4,0969,天草,ロックの天才,ロック,69,天才,天草,12/16,,
3,097,大分,苦難が多いた 大分県,苦難,97,多いた,大分,10/21,,
4,0972,佐伯,夏の祭典,夏,72,さい,佐伯,12/16,,
4,0973,日田,額の涙,涙,73,額,日田,12/16,,
4,0974,竹田,ナヨナヨな竹だ,ナヨナヨ,74,竹だ,竹田,12/16,,
4,0975,大分,苦難でござるよ 大友宗麟,苦難でご,975,大友宗麟,大分,12/20,,※大友宗麟：大分の戦国武将
4,0977,別府,生は別腹,生,7,別,別府,12/20,,
4,0978,豊後高田,那覇はUSAだったかな,那覇,78,USA、たかな,宇佐、豊後高田,12/20,,
4,0979,中津,泣く泣かす,泣く,79,泣かす,中津,12/20,,
3,098,宮崎那覇,奥歯に大きなサキイカ,奥歯,098,大きな、サキ,沖縄、宮崎,12/16,,
4,0980,名護,バレバレな護衛,バレバレ,80,な護,名護,12/16,,
4,0982,延岡,パンツ伸びるよ,パンツ,82,伸,延岡,12/16,,
4,0983,西都,破砕とは,破砕,83,砕と,西都,12/16,,
4,0984,小林,小林,林,84,小林,小林,12/16,,
4,0985,宮崎,歯応えのある みやざき地頭鶏,歯ごたえ,85,みやざき地頭鶏,宮崎,12/20,,※みやざき地頭鶏：宮崎の名産品
4,0986,都城,配ろう都こんぶ,配ろう,986,都,都城,12/20,,
4,0987,日南,バナナンにちなん,バナナ,87,にちなん,日南,12/16,,
4,0988,那覇,なははは,はは,88,なは,那覇,12/16,,
4,0989,那覇,-,-,-,-,-,12/16,,
3,099,鹿児島,99は隅っこ 鹿児島県,99,99,隅っこ,鹿児島県,,,※大隅：鹿児島の旧国名
4,0991,十島,クイズ十段,クイズ,91,十,十島,12/16,,
4,0992,鹿児島,靴の籠,靴,92,籠,鹿児島,12/16,,
4,0993,指宿,草が息吹く,草,93,息吹,指宿,12/16,,
4,0994,志布志,志布志,志,4,志布志,志布志,12/16,,
4,0995,霧島,濃い霧,濃,5,霧,霧島,12/16,,
4,0996,出水,黒い水出た！,黒,96,い水出,出水,12/16,,※出水の読み方は「いずみ」
4,0997,西之表,苦難の種が表面化,苦難,97,種が、表,種子島、西之表,12/16,,
,,,,,,,,455,0,
,,,,,,,,14,,
,,,,,,,,3,,